{
  "task": "detail_level",
  "model_type": "char_ngram",
  "seed": 42,
  "hyperparameters": {
    "model_type": "char_ngram_logreg",
    "analyzer": "char_wb",
    "ngram_range": [
      2,
      5
    ],
    "max_features": 100000,
    "sublinear_tf": true,
    "C": 1.0,
    "max_iter": 1000,
    "class_weight": "balanced"
  },
  "classes": [
    "long",
    "medium",
    "short"
  ],
  "train": {
    "macro_f1": 0.9531394893457206,
    "accuracy": 0.9516238159675237
  },
  "val": {
    "macro_f1": 0.945828030682034,
    "accuracy": 0.9442640692640693,
    "per_class_f1": {
      "long": 0.9300184162062615,
      "medium": 0.9443207126948775,
      "short": 0.9631449631449631
    },
    "confusion_matrix": [
      [
        505,
        35,
        3
      ],
      [
        38,
        848,
        25
      ],
      [
        0,
        2,
        392
      ]
    ]
  },
  "n_train": 14780,
  "n_val": 1848,
  "n_test": 1848,
  "text_col": "text_feedback",
  "label_col": "detail_level"
}