{
  "task": "language",
  "model_type": "tfidf",
  "seed": 42,
  "hyperparameters": {
    "model_type": "tfidf_logreg",
    "max_features": 50000,
    "ngram_range": [
      1,
      2
    ],
    "sublinear_tf": true,
    "C": 1.0,
    "max_iter": 1000,
    "class_weight": "balanced",
    "solver": "saga"
  },
  "classes": [
    "kz",
    "mixed",
    "ru"
  ],
  "train": {
    "macro_f1": 0.9935446917530794,
    "accuracy": 0.995872801082544,
    "per_class_f1": {
      "kz": 0.9956368754398311,
      "mixed": 0.9867256637168141,
      "ru": 0.9982715361025927
    }
  },
  "val": {
    "macro_f1": 0.9684192016682459,
    "accuracy": 0.9816017316017316,
    "per_class_f1": {
      "kz": 0.9727272727272728,
      "mixed": 0.9377431906614786,
      "ru": 0.9947871416159861
    },
    "confusion_matrix": [
      [
        428,
        21,
        2
      ],
      [
        1,
        241,
        6
      ],
      [
        0,
        4,
        1145
      ]
    ]
  },
  "predicted_class_distribution": {
    "kz": 0.23214285714285715,
    "mixed": 0.14393939393939395,
    "ru": 0.6239177489177489
  }
}