{
  "task": "language",
  "model_type": "char_ngram",
  "seed": 42,
  "hyperparameters": {
    "model_type": "char_ngram_logreg",
    "analyzer": "char_wb",
    "ngram_range": [
      2,
      5
    ],
    "max_features": 100000,
    "sublinear_tf": true,
    "C": 1.0,
    "max_iter": 1000,
    "class_weight": "balanced"
  },
  "classes": [
    "kz",
    "mixed",
    "ru"
  ],
  "train": {
    "macro_f1": 0.9966487991886823,
    "accuracy": 0.9979025710419486
  },
  "val": {
    "macro_f1": 0.992116084567585,
    "accuracy": 0.9951298701298701,
    "per_class_f1": {
      "kz": 0.9944008958566629,
      "mixed": 0.9837251356238698,
      "ru": 0.9982222222222222
    },
    "confusion_matrix": [
      [
        444,
        2,
        0
      ],
      [
        3,
        272,
        3
      ],
      [
        0,
        1,
        1123
      ]
    ]
  },
  "n_train": 14780,
  "n_val": 1848,
  "n_test": 1848,
  "text_col": "text_feedback",
  "label_col": "language"
}