{
  "task": "detail_level",
  "model_type": "tfidf",
  "seed": 42,
  "hyperparameters": {
    "model_type": "tfidf_logreg",
    "max_features": 50000,
    "ngram_range": [
      1,
      2
    ],
    "sublinear_tf": true,
    "C": 1.0,
    "max_iter": 1000,
    "class_weight": "balanced",
    "solver": "saga"
  },
  "classes": [
    "long",
    "medium",
    "short"
  ],
  "train": {
    "macro_f1": 0.9119310842359271,
    "accuracy": 0.9115696887686062
  },
  "val": {
    "macro_f1": 0.8804618654859144,
    "accuracy": 0.8787878787878788,
    "per_class_f1": {
      "long": 0.8868613138686131,
      "medium": 0.8714368819080861,
      "short": 0.8830874006810443
    },
    "confusion_matrix": [
      [
        486,
        55,
        2
      ],
      [
        66,
        749,
        96
      ],
      [
        1,
        4,
        389
      ]
    ]
  },
  "n_train": 14780,
  "n_val": 1848,
  "n_test": 1848,
  "text_col": "text_feedback",
  "label_col": "detail_level"
}