{
  "cfi": 0.9999103229078475,
  "rmsea": 0.0063607248334519,
  "gfi": 0.9997903875370773,
  "agfi": 0.9996855813056159,
  "nfi": 0.9997903875370773,
  "tli": 0.9998654843617714,
  "chi2": 41.93944096841578,
  "chi2_df": 24.0,
  "chi2_p": 0.013107700833605906
}