{
  "task": "language",
  "model_type": "tfidf",
  "seed": 42,
  "hyperparameters": {
    "model_type": "tfidf_logreg",
    "max_features": 50000,
    "ngram_range": [
      1,
      2
    ],
    "sublinear_tf": true,
    "C": 1.0,
    "max_iter": 1000,
    "class_weight": "balanced",
    "solver": "saga"
  },
  "classes": [
    "kz",
    "mixed",
    "ru"
  ],
  "train": {
    "macro_f1": 0.9920666282342573,
    "accuracy": 0.9948579161028417
  },
  "val": {
    "macro_f1": 0.9688242575872265,
    "accuracy": 0.9794372294372294,
    "per_class_f1": {
      "kz": 0.9783352337514253,
      "mixed": 0.9375,
      "ru": 0.9906375390102541
    },
    "confusion_matrix": [
      [
        429,
        15,
        2
      ],
      [
        2,
        270,
        6
      ],
      [
        0,
        13,
        1111
      ]
    ]
  },
  "n_train": 14780,
  "n_val": 1848,
  "n_test": 1848,
  "text_col": "text_feedback",
  "label_col": "language"
}