{
  "cfi": 0.9999101478051109,
  "rmsea": 0.0063668981311763104,
  "gfi": 0.9997902111993441,
  "agfi": 0.9996853167990161,
  "nfi": 0.9997902111993441,
  "tli": 0.9998652217076665,
  "chi2": 41.97427952978505,
  "chi2_df": 24.0,
  "chi2_p": 0.012990599456190521
}