,program_quality,resources_teaching,digital_assessment
item_1,1.0,0.0,0.0
item_2,0.9924245623088348,0.0,0.0
item_3,0.998879545332217,0.0,0.0
item_4,0.0,1.0,0.0
item_5,0.0,0.9947114084816695,0.0
item_6,0.0,0.9987748143641101,0.0
item_7,0.0,0.0,1.0
item_8,0.0,0.0,0.9990407090853756
item_9,0.0,0.0,1.0019150840114475
