{
  "task": "sentiment",
  "model_type": "char_ngram",
  "seed": 42,
  "hyperparameters": {
    "model_type": "char_ngram_logreg",
    "analyzer": "char_wb",
    "ngram_range": [
      2,
      5
    ],
    "max_features": 100000,
    "sublinear_tf": true,
    "C": 1.0,
    "max_iter": 1000,
    "class_weight": "balanced"
  },
  "classes": [
    "negative",
    "neutral",
    "positive"
  ],
  "train": {
    "macro_f1": 0.9976912782055426,
    "accuracy": 0.9971583220568335,
    "per_class_f1": {
      "negative": 0.9996427295462665,
      "neutral": 0.9959215381627501,
      "positive": 0.9975095669076111
    }
  },
  "val": {
    "macro_f1": 0.9962636349915511,
    "accuracy": 0.9962121212121212,
    "per_class_f1": {
      "negative": 0.9971509971509972,
      "neutral": 0.9945525291828794,
      "positive": 0.9970873786407767
    },
    "confusion_matrix": [
      [
        175,
        0,
        0
      ],
      [
        1,
        639,
        3
      ],
      [
        0,
        3,
        1027
      ]
    ]
  },
  "predicted_class_distribution": {
    "negative": 0.09523809523809523,
    "neutral": 0.3474025974025974,
    "positive": 0.5573593073593074
  }
}