{
  "task": "detail_level",
  "model_type": "tfidf",
  "seed": 42,
  "hyperparameters": {
    "model_type": "tfidf_logreg",
    "max_features": 50000,
    "ngram_range": [
      1,
      2
    ],
    "sublinear_tf": true,
    "C": 1.0,
    "max_iter": 1000,
    "class_weight": "balanced",
    "solver": "saga"
  },
  "classes": [
    "long",
    "medium",
    "short"
  ],
  "train": {
    "macro_f1": 0.9099627936200858,
    "accuracy": 0.909404600811908,
    "per_class_f1": {
      "long": 0.9176254026691211,
      "medium": 0.9056766673861429,
      "short": 0.9065863108049935
    }
  },
  "val": {
    "macro_f1": 0.8946094119127149,
    "accuracy": 0.8928571428571429,
    "per_class_f1": {
      "long": 0.8928238583410997,
      "medium": 0.8874856486796785,
      "short": 0.9035187287173666
    },
    "confusion_matrix": [
      [
        479,
        56,
        1
      ],
      [
        57,
        773,
        74
      ],
      [
        1,
        9,
        398
      ]
    ]
  },
  "predicted_class_distribution": {
    "long": 0.2905844155844156,
    "medium": 0.45346320346320346,
    "short": 0.25595238095238093
  }
}