{
  "cfi": 0.9999103229078486,
  "rmsea": 0.0063607248334111716,
  "gfi": 0.9997903875370784,
  "agfi": 0.9996855813056176,
  "nfi": 0.9997903875370784,
  "tli": 0.9998654843617729,
  "chi2": 41.93944096818604,
  "chi2_df": 24.0,
  "chi2_p": 0.013107700834381286
}