{
  "cronbach_alpha": {
    "program_quality": 0.9240373584880583,
    "resources_teaching": 0.9211007931663795,
    "digital_assessment": 0.9225394726304462
  },
  "mcdonald_omega": {
    "program_quality": 0.5979308709677597,
    "resources_teaching": 0.5983653955133884,
    "digital_assessment": 0.6002455096365745
  },
  "alpha_if_item_deleted": {
    "program_quality": {
      "item_1": 0.8917849980345309,
      "item_2": 0.8893610280235786,
      "item_3": 0.8895376505169621
    },
    "resources_teaching": {
      "item_4": 0.8873370473857429,
      "item_5": 0.8876073039020942,
      "item_6": 0.8834807302515415
    },
    "digital_assessment": {
      "item_7": 0.8917713244894026,
      "item_8": 0.8869077791961115,
      "item_9": 0.8857446770782946
    }
  }
}