{
  "cfi": 0.9999103229078485,
  "rmsea": 0.00636072483341699,
  "gfi": 0.9997903875370783,
  "agfi": 0.9996855813056174,
  "nfi": 0.9997903875370783,
  "tli": 0.9998654843617728,
  "chi2": 41.93944096821886,
  "chi2_df": 24.0,
  "chi2_p": 0.013107700834270597
}