,program_quality,resources_teaching,digital_assessment
item_1,1.0,0.0,0.0
item_2,0.9924629883377595,0.0,0.0
item_3,0.9989175296823578,0.0,0.0
item_4,0.0,1.0,0.0
item_5,0.0,0.994561280651443,0.0
item_6,0.0,0.9986298329861918,0.0
item_7,0.0,0.0,1.0
item_8,0.0,0.0,0.9990962476273072
item_9,0.0,0.0,1.0019261172591225
