{
  "cfi": 0.9999103229078493,
  "rmsea": 0.006360724833387897,
  "gfi": 0.999790387537079,
  "agfi": 0.9996855813056186,
  "nfi": 0.9997903875370789,
  "tli": 0.9998654843617739,
  "chi2": 41.93944096805476,
  "chi2_df": 24.0,
  "chi2_p": 0.013107700834824487
}