,program_quality,resources_teaching,digital_assessment
item_1,1.0,0.0,0.0
item_2,0.9924629883386744,0.0,0.0
item_3,0.9989175296830514,0.0,0.0
item_4,0.0,1.0,0.0
item_5,0.0,0.9945612806517726,0.0
item_6,0.0,0.9986298329854958,0.0
item_7,0.0,0.0,1.0
item_8,0.0,0.0,0.999096247626886
item_9,0.0,0.0,1.0019261172570533
