{
  "cfi": 0.9999103229078491,
  "rmsea": 0.006360724833396626,
  "gfi": 0.9997903875370788,
  "agfi": 0.9996855813056182,
  "nfi": 0.9997903875370788,
  "tli": 0.9998654843617736,
  "chi2": 41.939440968103995,
  "chi2_df": 24.0,
  "chi2_p": 0.013107700834658176
}