,program_quality,resources_teaching,digital_assessment
item_1,1.0,0.0,0.0
item_2,0.9924629883382873,0.0,0.0
item_3,0.9989175296827572,0.0,0.0
item_4,0.0,1.0,0.0
item_5,0.0,0.9945612806516354,0.0
item_6,0.0,0.9986298329857932,0.0
item_7,0.0,0.0,1.0
item_8,0.0,0.0,0.9990962476270652
item_9,0.0,0.0,1.001926117257935
